<?xml version="1.0" encoding="UTF-8" standalone="yes"?>
<applicationHaul xmlns:a="http://www.appian.com/ae/types/2009">
    <versionUuid>_a-0000ee03-631e-8000-9c63-011c48011c48_6394157</versionUuid>
    <application>
        <name>Rock-paper-Scissor Project</name>
        <uuid>be49e1c7-6cee-4c60-a3ce-7754714834ae</uuid>
        <description>rock paper scissor with required objects</description>
        <parentUuid>SYSTEM_APPLICATIONS_ROOT</parentUuid>
        <visibility>
            <advertise>false</advertise>
            <hierarchy>true</hierarchy>
            <indexable>true</indexable>
            <quota>false</quota>
            <searchable>true</searchable>
            <system>false</system>
            <unlogged>false</unlogged>
        </visibility>
        <urlIdentifier>je32Fg</urlIdentifier>
        <published>false</published>
        <public>false</public>
        <prefix>RP</prefix>
        <associatedObjects>
            <globalIdMap>
                <item>
                    <type>datatype</type>
                    <uuids/>
                </item>
                <item>
                    <type>dataStore</type>
                    <uuids/>
                </item>
                <item>
                    <type>user</type>
                    <uuids/>
                </item>
                <item>
                    <type>groupType</type>
                    <uuids/>
                </item>
                <item>
                    <type>group</type>
                    <uuids>
                        <uuid>fd08d125-e035-4e33-ae9e-7d5beb8a6be8</uuid>
                        <uuid>f754bc11-457c-4ccb-9c33-1173c1414c99</uuid>
                    </uuids>
                </item>
                <item>
                    <type>content</type>
                    <uuids>
                        <uuid>6ad9386b-e684-4ca4-9423-6bb517bdc8c0</uuid>
                        <uuid>3f935018-4853-4ef6-95fa-ec5cd3314d87</uuid>
                        <uuid>587649c0-a7aa-43cd-bfca-42de9b87a231</uuid>
                        <uuid>2a744d79-a7c7-4939-8017-8ab65c295bdd</uuid>
                        <uuid>_a-0000ee03-631e-8000-9c63-011c48011c48_6392589</uuid>
                        <uuid>_a-0000ee03-631e-8000-9c63-011c48011c48_6392666</uuid>
                        <uuid>e21839e7-b8fa-423d-8ed4-f663c2f16ebb</uuid>
                        <uuid>_a-0000ee03-631e-8000-9c63-011c48011c48_6392890</uuid>
                        <uuid>_a-0000ee03-631e-8000-9c63-011c48011c48_6392934</uuid>
                        <uuid>066a2e70-0e86-4efc-a2e4-6cd34e85199e</uuid>
                        <uuid>_a-0000ee03-631e-8000-9c63-011c48011c48_6393098</uuid>
                        <uuid>_a-0000ee03-631e-8000-9c63-011c48011c48_6393104</uuid>
                        <uuid>_a-0000ee03-631e-8000-9c63-011c48011c48_6393116</uuid>
                        <uuid>_a-0000ee03-631e-8000-9c63-011c48011c48_6393122</uuid>
                        <uuid>_a-0000ee03-631e-8000-9c63-011c48011c48_6393134</uuid>
                        <uuid>_a-0000ee03-631e-8000-9c63-011c48011c48_6393140</uuid>
                        <uuid>_a-0000ee03-631e-8000-9c63-011c48011c48_6393187</uuid>
                        <uuid>4917160b-51e4-4532-a882-316a3b35bbbc</uuid>
                    </uuids>
                </item>
                <item>
                    <type>forum</type>
                    <uuids/>
                </item>
                <item>
                    <type>processModelFolder</type>
                    <uuids>
                        <uuid>d6fa861d-f10c-41fa-9e8f-5066b10eb05c</uuid>
                    </uuids>
                </item>
                <item>
                    <type>processModel</type>
                    <uuids/>
                </item>
                <item>
                    <type>portlet</type>
                    <uuids/>
                </item>
                <item>
                    <type>page</type>
                    <uuids/>
                </item>
                <item>
                    <type>application</type>
                    <uuids/>
                </item>
                <item>
                    <type>tempoFeed</type>
                    <uuids/>
                </item>
                <item>
                    <type>recordType</type>
                    <uuids/>
                </item>
                <item>
                    <type>recordField</type>
                    <uuids/>
                </item>
                <item>
                    <type>recordRelationship</type>
                    <uuids/>
                </item>
                <item>
                    <type>tempoReport</type>
                    <uuids/>
                </item>
                <item>
                    <type>taskReport</type>
                    <uuids/>
                </item>
                <item>
                    <type>webApi</type>
                    <uuids/>
                </item>
                <item>
                    <type>site</type>
                    <uuids>
                        <uuid>2724f373-fce8-4de3-968f-a2c6a1fc46cf</uuid>
                    </uuids>
                </item>
                <item>
                    <type>adminSetting</type>
                    <uuids/>
                </item>
                <item>
                    <type>thirdPartyCredentials</type>
                    <uuids/>
                </item>
                <item>
                    <type>dataSource</type>
                    <uuids/>
                </item>
                <item>
                    <type>embeddedSailTheme</type>
                    <uuids/>
                </item>
                <item>
                    <type>connectedSystem</type>
                    <uuids/>
                </item>
                <item>
                    <type>pluginInfo</type>
                    <uuids/>
                </item>
                <item>
                    <type>featureFlag</type>
                    <uuids/>
                </item>
                <item>
                    <type>designObjectReferenceImplementation</type>
                    <uuids/>
                </item>
                <item>
                    <type>aiSkill</type>
                    <uuids/>
                </item>
                <item>
                    <type>roboticTaskDesignObject</type>
                    <uuids/>
                </item>
                <item>
                    <type>robotPoolDesignObject</type>
                    <uuids/>
                </item>
                <item>
                    <type>portal</type>
                    <uuids/>
                </item>
                <item>
                    <type>translationSet</type>
                    <uuids/>
                </item>
                <item>
                    <type>translationString</type>
                    <uuids/>
                </item>
                <item>
                    <type>translationVariable</type>
                    <uuids/>
                </item>
                <item>
                    <type>controlPanel</type>
                    <uuids/>
                </item>
                <item>
                    <type>controlPanelTierItem</type>
                    <uuids/>
                </item>
                <item>
                    <type>messageExecutor</type>
                    <uuids/>
                </item>
            </globalIdMap>
        </associatedObjects>
        <applicationNavigation/>
        <applicationActions/>
        <associatedApplications>
            <globalIdMap>
                <item>
                    <type>datatype</type>
                    <uuids/>
                </item>
                <item>
                    <type>dataStore</type>
                    <uuids/>
                </item>
                <item>
                    <type>user</type>
                    <uuids/>
                </item>
                <item>
                    <type>groupType</type>
                    <uuids/>
                </item>
                <item>
                    <type>group</type>
                    <uuids/>
                </item>
                <item>
                    <type>content</type>
                    <uuids/>
                </item>
                <item>
                    <type>forum</type>
                    <uuids/>
                </item>
                <item>
                    <type>processModelFolder</type>
                    <uuids/>
                </item>
                <item>
                    <type>processModel</type>
                    <uuids/>
                </item>
                <item>
                    <type>portlet</type>
                    <uuids/>
                </item>
                <item>
                    <type>page</type>
                    <uuids/>
                </item>
                <item>
                    <type>application</type>
                    <uuids/>
                </item>
                <item>
                    <type>tempoFeed</type>
                    <uuids/>
                </item>
                <item>
                    <type>recordType</type>
                    <uuids/>
                </item>
                <item>
                    <type>recordField</type>
                    <uuids/>
                </item>
                <item>
                    <type>recordRelationship</type>
                    <uuids/>
                </item>
                <item>
                    <type>tempoReport</type>
                    <uuids/>
                </item>
                <item>
                    <type>taskReport</type>
                    <uuids/>
                </item>
                <item>
                    <type>webApi</type>
                    <uuids/>
                </item>
                <item>
                    <type>site</type>
                    <uuids/>
                </item>
                <item>
                    <type>adminSetting</type>
                    <uuids/>
                </item>
                <item>
                    <type>thirdPartyCredentials</type>
                    <uuids/>
                </item>
                <item>
                    <type>dataSource</type>
                    <uuids/>
                </item>
                <item>
                    <type>embeddedSailTheme</type>
                    <uuids/>
                </item>
                <item>
                    <type>connectedSystem</type>
                    <uuids/>
                </item>
                <item>
                    <type>pluginInfo</type>
                    <uuids/>
                </item>
                <item>
                    <type>featureFlag</type>
                    <uuids/>
                </item>
                <item>
                    <type>designObjectReferenceImplementation</type>
                    <uuids/>
                </item>
                <item>
                    <type>aiSkill</type>
                    <uuids/>
                </item>
                <item>
                    <type>roboticTaskDesignObject</type>
                    <uuids/>
                </item>
                <item>
                    <type>robotPoolDesignObject</type>
                    <uuids/>
                </item>
                <item>
                    <type>portal</type>
                    <uuids/>
                </item>
                <item>
                    <type>translationSet</type>
                    <uuids/>
                </item>
                <item>
                    <type>translationString</type>
                    <uuids/>
                </item>
                <item>
                    <type>translationVariable</type>
                    <uuids/>
                </item>
                <item>
                    <type>controlPanel</type>
                    <uuids/>
                </item>
                <item>
                    <type>controlPanelTierItem</type>
                    <uuids/>
                </item>
                <item>
                    <type>messageExecutor</type>
                    <uuids/>
                </item>
            </globalIdMap>
        </associatedApplications>
    </application>
    <roleMap>
        <contentRoleMap public="true">
            <role inherit="false" allowForAll="false" name="readers">
                <users/>
                <groups>
                    <groupUuid>f754bc11-457c-4ccb-9c33-1173c1414c99</groupUuid>
                </groups>
            </role>
            <role inherit="false" allowForAll="false" name="authors">
                <users/>
                <groups/>
            </role>
            <role inherit="false" allowForAll="false" name="administrators">
                <users/>
                <groups>
                    <groupUuid>fd08d125-e035-4e33-ae9e-7d5beb8a6be8</groupUuid>
                </groups>
            </role>
            <role inherit="false" allowForAll="false" name="denyReaders">
                <users/>
                <groups/>
            </role>
            <role inherit="false" allowForAll="false" name="denyAuthors">
                <users/>
                <groups/>
            </role>
            <role inherit="false" allowForAll="false" name="denyAdministrators">
                <users/>
                <groups/>
            </role>
        </contentRoleMap>
    </roleMap>
    <defaultApplicationObjects>
        <object>
            <objectKey>defaultAdminsGroup</objectKey>
            <objectType>group</objectType>
            <objectUuid>fd08d125-e035-4e33-ae9e-7d5beb8a6be8</objectUuid>
        </object>
        <object>
            <objectKey>defaultUsersGroup</objectKey>
            <objectType>group</objectType>
            <objectUuid>f754bc11-457c-4ccb-9c33-1173c1414c99</objectUuid>
        </object>
    </defaultApplicationObjects>
    <applicationDocumentation/>
    <history>
        <historyInfo versionUuid="be49e1c7-6cee-4c60-a3ce-7754714834ae"/>
        <historyInfo versionUuid="_a-0000ee03-631e-8000-9c63-011c48011c48_6394157"/>
    </history>
    <postDeploymentProcessData/>
    <requirementsCaptureB64 xmlns:xsi="http://www.w3.org/2001/XMLSchema-instance" xsi:nil="true"/>
</applicationHaul>
