<?xml version="1.0" encoding="UTF-8" standalone="yes"?>
<processModelFolderHaul xmlns:a="http://www.appian.com/ae/types/2009">
    <versionUuid>7969b659-23f9-43f6-8ecc-1514a4041055</versionUuid>
    <processModelFolder>
        <name>RP Process Models</name>
        <uuid>d6fa861d-f10c-41fa-9e8f-5066b10eb05c</uuid>
        <description>Stores process models for the application</description>
    </processModelFolder>
    <roleMap>
        <role name="ADMIN_OWNER">
            <users/>
            <groups>
                <groupUuid>fd08d125-e035-4e33-ae9e-7d5beb8a6be8</groupUuid>
            </groups>
        </role>
        <role name="EDITOR">
            <users/>
            <groups/>
        </role>
        <role name="EXPLICIT_NONMEMBER">
            <users/>
            <groups/>
        </role>
        <role name="VIEWER">
            <users/>
            <groups>
                <groupUuid>f754bc11-457c-4ccb-9c33-1173c1414c99</groupUuid>
            </groups>
        </role>
        <role name="MANAGER">
            <users/>
            <groups/>
        </role>
        <role name="INITIATOR">
            <users/>
            <groups/>
        </role>
    </roleMap>
    <history>
        <historyInfo versionUuid="7969b659-23f9-43f6-8ecc-1514a4041055"/>
    </history>
</processModelFolderHaul>
