<?xml version="1.0" encoding="UTF-8" standalone="yes"?>
<contentHaul xmlns:a="http://www.appian.com/ae/types/2009">
    <versionUuid>_a-0000ee03-631e-8000-9c63-011c48011c48_6393199</versionUuid>
    <decision>
        <name>RP_CompGuess_image</name>
        <uuid>_a-0000ee03-631e-8000-9c63-011c48011c48_6393187</uuid>
        <description></description>
        <parentUuid>6ad9386b-e684-4ca4-9423-6bb517bdc8c0</parentUuid>
        <visibility>
            <advertise>false</advertise>
            <hierarchy>true</hierarchy>
            <indexable>true</indexable>
            <quota>false</quota>
            <searchable>true</searchable>
            <system>false</system>
            <unlogged>false</unlogged>
        </visibility>
        <definition>fn!override_exception_appian_internal(fn!with(local!decisiondefinition: a!decisiondesigner_cache(uuid: "_a-0000ee03-631e-8000-9c63-011c48011c48_6393187",versionKey: "f73d67be-3e19-4696-8b72-9b6ea35ce14f",value: #"SYSTEM_SYSRULES_dd_dd"('hitPolicy': #"SYSTEM_SYSRULES_dd_dhp"("UNIQUE"), 'inputs': {#"SYSTEM_SYSRULES_dd_di"('name': "value", 'type': 'type!{http://www.appian.com/ae/types/2009}Text', 'id': 1, 'restrictionType': #"SYSTEM_SYSRULES_dd_dirt"("NONE"))}, 'outputs': {#"SYSTEM_SYSRULES_dd_do"('id': 1, 'name': "iamge", 'type': 'type!{http://www.appian.com/ae/types/2009}CollaborationDocument', 'restrictionType': #"SYSTEM_SYSRULES_dd_dort"("NONE"), 'returnListType': false)}, 'rules': {#"SYSTEM_SYSRULES_dd_dr"('id': 1, 'inputs': {#"SYSTEM_SYSRULES_dd_dri"('id': 1, 'decisionInputId': 1, 'operator': #"SYSTEM_SYSRULES_dd_dop"('operator': #"SYSTEM_SYSRULES_dd_dopt"("EQUALS"), 'value1': "rock"))}, 'outputs': {#"SYSTEM_SYSRULES_dd_dro"('id': 1, 'decisionOutputId': 1, 'value': {a!reference_appian_internal(type:'type!{http://www.appian.com/ae/types/2009}CollaborationDocument',uuid:"_a-0000ee03-631e-8000-9c63-011c48011c48_6393134",defaultId:496361)})}), #"SYSTEM_SYSRULES_dd_dr"('id': 2, 'inputs': {#"SYSTEM_SYSRULES_dd_dri"('id': 3, 'decisionInputId': 1, 'operator': #"SYSTEM_SYSRULES_dd_dop"('operator': #"SYSTEM_SYSRULES_dd_dopt"("EQUALS"), 'value1': "Paper"))}, 'outputs': {#"SYSTEM_SYSRULES_dd_dro"('id': 2, 'decisionOutputId': 1, 'value': {a!reference_appian_internal(type:'type!{http://www.appian.com/ae/types/2009}CollaborationDocument',uuid:"_a-0000ee03-631e-8000-9c63-011c48011c48_6393116",defaultId:496359)})}), #"SYSTEM_SYSRULES_dd_dr"('id': 3, 'inputs': {#"SYSTEM_SYSRULES_dd_dri"('id': 5, 'decisionInputId': 1, 'operator': #"SYSTEM_SYSRULES_dd_dop"('operator': #"SYSTEM_SYSRULES_dd_dopt"("EQUALS"), 'value1': "scissor"))}, 'outputs': {#"SYSTEM_SYSRULES_dd_dro"('id': 3, 'decisionOutputId': 1, 'value': {a!reference_appian_internal(type:'type!{http://www.appian.com/ae/types/2009}CollaborationDocument',uuid:"_a-0000ee03-631e-8000-9c63-011c48011c48_6393098",defaultId:496357)})})}, 'isUnique': true, 'defaultOutputs': {#"SYSTEM_SYSRULES_dd_dro"('id': 1, 'decisionOutputId': 1)})),#"SYSTEM_SYSRULES_dd_exr"(decisionDefinition:local!decisiondefinition,executionInputs:{#"SYSTEM_SYSRULES_dd_dei"(decisionInputId:1,value:'ri!value')})))</definition>
        <namedTypedValue>
            <name>value</name>
            <type>
                <name>string</name>
                <namespace>http://www.w3.org/2001/XMLSchema</namespace>
            </type>
            <value/>
        </namedTypedValue>
        <preferredEditor>legacy</preferredEditor>
        <offlineEnabled>false</offlineEnabled>
        <outputMetadataList>
            <outputMetadata>
                <outputId>1</outputId>
                <nameRef>iamge</nameRef>
                <typeName>{http://www.appian.com/ae/types/2009}CollaborationDocument</typeName>
            </outputMetadata>
        </outputMetadataList>
        <hitPolicy>UNIQUE</hitPolicy>
    </decision>
    <roleMap public="true">
        <role inherit="true" allowForAll="false" name="readers">
            <users/>
            <groups/>
        </role>
        <role inherit="true" allowForAll="false" name="authors">
            <users/>
            <groups/>
        </role>
        <role inherit="true" allowForAll="false" name="administrators">
            <users/>
            <groups/>
        </role>
        <role inherit="false" allowForAll="false" name="denyReaders">
            <users/>
            <groups/>
        </role>
        <role inherit="false" allowForAll="false" name="denyAuthors">
            <users/>
            <groups/>
        </role>
        <role inherit="false" allowForAll="false" name="denyAdministrators">
            <users/>
            <groups/>
        </role>
    </roleMap>
    <history>
        <historyInfo versionUuid="_a-0000ee03-631e-8000-9c63-011c48011c48_6393199"/>
    </history>
</contentHaul>
