<?xml version="1.0" encoding="UTF-8" standalone="yes"?>
<contentHaul xmlns:a="http://www.appian.com/ae/types/2009">
    <versionUuid>_a-0000ee03-631e-8000-9c63-011c48011c48_6394294</versionUuid>
    <interface>
        <name>RP_RockPaperScissor</name>
        <uuid>_a-0000ee03-631e-8000-9c63-011c48011c48_6392589</uuid>
        <description></description>
        <parentUuid>6ad9386b-e684-4ca4-9423-6bb517bdc8c0</parentUuid>
        <visibility>
            <advertise>false</advertise>
            <hierarchy>true</hierarchy>
            <indexable>true</indexable>
            <quota>false</quota>
            <searchable>true</searchable>
            <system>false</system>
            <unlogged>false</unlogged>
        </visibility>
        <definition>a!localVariables(
  local!user,
  local!comguess:a!refreshVariable(
    refreshAlways: true(),
    value: #"e21839e7-b8fa-423d-8ed4-f663c2f16ebb"(num:#"_a-0000ee03-631e-8000-9c63-011c48011c48_6392666"())
  ),
  #"SYSTEM_SYSRULES_headerContentLayout"(
    header: {
      #"SYSTEM_SYSRULES_billboardLayout_v1"(
        backgroundMedia: #"SYSTEM_SYSRULES_webImage"(
          source: "https://miro.medium.com/v2/resize:fit:1100/format:webp/0*pwDqZoXvHo79MoT7.png"
        ),
        backgroundColor: "#f0f0f0",
        marginBelow: "NONE",
        overlay: #"SYSTEM_SYSRULES_barOverlay"(
          contents: {}
        )
      )
    },
    contents: {
      #"SYSTEM_SYSRULES_cardLayout"(
        contents: {
          #"SYSTEM_SYSRULES_columnsLayout"(
            columns: {
              #"SYSTEM_SYSRULES_columnLayout"(
                contents: {}
              ),
              #"SYSTEM_SYSRULES_columnLayout"(
                contents: {
                  #"SYSTEM_SYSRULES_imageField_v1"(
                    label: "user Guess",
                    labelPosition: "ABOVE",
                    images: {
                      if(
                        isnull(local!user),
                        #"SYSTEM_SYSRULES_documentImage"(document: #"_a-0000ee03-631e-8000-9c63-011c48011c48_6392934"),
                        #"SYSTEM_SYSRULES_documentImage"(document:#"066a2e70-0e86-4efc-a2e4-6cd34e85199e"(value: local!user) )
                      )

                    },
                    size: "MEDIUM",
                    isThumbnail: false,
                    style: "STANDARD",
                    align: "CENTER"
                  )
                }
              ),
              #"SYSTEM_SYSRULES_columnLayout"(
                contents: {
                  #"SYSTEM_SYSRULES_richTextDisplayField"(
                    labelPosition: "COLLAPSED",
                    value: {
                      #"SYSTEM_SYSRULES_richTextItem_v1"(
                        text:#"4917160b-51e4-4532-a882-316a3b35bbbc"(
                          usee:local!user,
                          compGuess: local!comguess
                        ).result,
                        color: if(
                          #"4917160b-51e4-4532-a882-316a3b35bbbc"(
                            usee: local!user,
                            compGuess: local!comguess
                          ).score&gt;0,
                          "POSITIVE",
                          "NEGATIVE"
                        ),
                        size:"MEDIUM_PLUS",
                        style: "STRONG"

                      )
                    },
                    showWhen: not(isnull(local!user))
                  )
                }
              ),
              #"SYSTEM_SYSRULES_columnLayout"(
                contents: {
                  #"SYSTEM_SYSRULES_imageField_v1"(
                    label: "Computer guess",
                    labelPosition: "ABOVE",
                    images: {
                      if(
                        isnull(local!comguess),
                        #"SYSTEM_SYSRULES_documentImage"(document: #"_a-0000ee03-631e-8000-9c63-011c48011c48_6392934"),
                        #"SYSTEM_SYSRULES_documentImage"(document:#"_a-0000ee03-631e-8000-9c63-011c48011c48_6393187"(value: local!comguess) )
                      )

                    },
                    size: "MEDIUM",
                    isThumbnail: false,
                    style: "STANDARD",
                    align: "CENTER"
                  )
                }
              )
            }
          )
        },
        height: "AUTO",
        style: "TRANSPARENT",
        marginBelow: "STANDARD"
      ),
      #"SYSTEM_SYSRULES_columnsLayout"(
        columns: {
          #"SYSTEM_SYSRULES_columnLayout"(
            contents: {
              #"SYSTEM_SYSRULES_cardLayout"(
                contents: {
                  #"SYSTEM_SYSRULES_sideBySideLayout"(
                    items: {
                      #"SYSTEM_SYSRULES_sideBySideItem"(
                        item: #"SYSTEM_SYSRULES_ButtonArrayLayout"(
                          buttons: {
                            #"SYSTEM_SYSRULES_buttonWidget_v1"(
                              label: "rock",
                              value:"rock",
                              saveInto: a!save(local!user,save!value),
                              style: "LINK"

                            ),
                            #"SYSTEM_SYSRULES_buttonWidget_v1"(
                              label: "paper",
                              value:"paper",
                              saveInto: a!save(local!user,save!value),
                              style: "LINK"
                            ),
                            #"SYSTEM_SYSRULES_buttonWidget_v1"(
                              label: "scissor",
                              value:"scissor",
                              saveInto: a!save(local!user,save!value),
                              style: "LINK"
                            )
                          },
                          align: "CENTER",
                          marginBelow: "NONE"
                        )
                      )
                    }
                  )
                },
                height: "AUTO",
                style: "WARN",
                marginBelow: "STANDARD"
              )
            }
          )
        }
      )
    }
  )
)</definition>
        <preferredEditor>interface</preferredEditor>
        <offlineEnabled>false</offlineEnabled>
        <isCustom>false</isCustom>
    </interface>
    <roleMap public="true">
        <role inherit="true" allowForAll="false" name="readers">
            <users/>
            <groups/>
        </role>
        <role inherit="true" allowForAll="false" name="authors">
            <users/>
            <groups/>
        </role>
        <role inherit="true" allowForAll="false" name="administrators">
            <users/>
            <groups/>
        </role>
        <role inherit="false" allowForAll="false" name="denyReaders">
            <users/>
            <groups/>
        </role>
        <role inherit="false" allowForAll="false" name="denyAuthors">
            <users/>
            <groups/>
        </role>
        <role inherit="false" allowForAll="false" name="denyAdministrators">
            <users/>
            <groups/>
        </role>
    </roleMap>
    <history>
        <historyInfo versionUuid="_a-0000ee03-631e-8000-9c63-011c48011c48_6394294"/>
    </history>
</contentHaul>
