<?xml version="1.0" encoding="UTF-8"?>
<siteHaul xmlns:a="http://www.appian.com/ae/types/2009" xmlns:xsi="http://www.w3.org/2001/XMLSchema-instance">
  <versionUuid>1bb6cce0-f04c-407e-9c0f-7631127ba6f6</versionUuid>
  <site a:uuid="2724f373-fce8-4de3-968f-a2c6a1fc46cf" name="RP_rock_paper_scissor">
    <description/>
    <urlStub>rock-paper-scissor-game_fun</urlStub>
    <page a:uuid="0aca9a84-1b32-4c0f-9bd0-e659d2ce26ad">
      <staticName>RPS Game</staticName>
      <description/>
      <urlStub>rps-game</urlStub>
      <uiObject a:uuid="_a-0000ee03-631e-8000-9c63-011c48011c48_6392589" xsi:type="a:ContentFreeformRule"/>
      <iconId>f11b</iconId>
      <visibilityExpr>fn!true()</visibilityExpr>
      <pageWidth>WIDE</pageWidth>
      <areUrlParamsEncrypted>true</areUrlParamsEncrypted>
      <autoContextUpdateEnabled>true</autoContextUpdateEnabled>
    </page>
    <visibility>268435456</visibility>
    <faviconRef a:uuid="SYSTEM_CONTENT_SITES_DEFAULT_FAVICON" xsi:type="a:CollaborationDocument"/>
    <logoRef a:uuid="SYSTEM_CONTENT_SITES_DEFAULT_LOGO" xsi:type="a:CollaborationDocument"/>
    <showName>false</showName>
    <tempoLinkVisibility>HIDDEN</tempoLinkVisibility>
    <showRecordNews>true</showRecordNews>
    <tasksInSitesVisibility>HIDDEN</tasksInSitesVisibility>
    <buttonShape>SQUARED</buttonShape>
    <navigationBarStyle>STYLE1</navigationBarStyle>
    <inputShape>SQUARED</inputShape>
    <isSystem>false</isSystem>
    <displayName>ROCK Paper Scissor Game</displayName>
    <isStaticDisplayName>true</isStaticDisplayName>
    <nameExprIsEvaluable>true</nameExprIsEvaluable>
    <primaryNavLayoutType>TOPBAR</primaryNavLayoutType>
    <buttonLabelCase>UPPERCASE</buttonLabelCase>
    <dialogShape>SQUARED</dialogShape>
  </site>
  <roleMap>
    <role name="site_administrator">
      <users/>
      <groups>
        <groupUuid>fd08d125-e035-4e33-ae9e-7d5beb8a6be8</groupUuid>
      </groups>
    </role>
    <role name="site_viewer">
      <users/>
      <groups>
        <groupUuid>f754bc11-457c-4ccb-9c33-1173c1414c99</groupUuid>
      </groups>
    </role>
  </roleMap>
  <history>
    <historyInfo versionUuid="1bb6cce0-f04c-407e-9c0f-7631127ba6f6"/>
  </history>
</siteHaul>
