<?xml version="1.0" encoding="UTF-8" standalone="yes"?>
<groupHaul xmlns:a="http://www.appian.com/ae/types/2009">
    <versionUuid>f754bc11-457c-4ccb-9c33-1173c1414c99</versionUuid>
    <group>
        <name>RP Users</name>
        <securityMap>SECURITYMAP_TEAM</securityMap>
        <uuid>f754bc11-457c-4ccb-9c33-1173c1414c99</uuid>
        <groupTypeUuid>SYSTEM_GROUP_TYPE_CUSTOM</groupTypeUuid>
        <description>Assigns Viewer permissions to users for objects in the application</description>
        <delegatedCreation>false</delegatedCreation>
        <memberPolicy>MEMBERPOLICY_CLOSED</memberPolicy>
        <viewingPolicy>VIEWINGPOLICY_LOW</viewingPolicy>
        <attributes/>
    </group>
    <members>
        <users/>
        <groups>
            <groupUuid>fd08d125-e035-4e33-ae9e-7d5beb8a6be8</groupUuid>
        </groups>
    </members>
    <admins>
        <users/>
        <groups>
            <groupUuid>fd08d125-e035-4e33-ae9e-7d5beb8a6be8</groupUuid>
        </groups>
    </admins>
    <ruleSet/>
    <history>
        <historyInfo versionUuid="f754bc11-457c-4ccb-9c33-1173c1414c99"/>
    </history>
</groupHaul>
