<?xml version="1.0" encoding="UTF-8" standalone="yes"?>
<groupHaul xmlns:a="http://www.appian.com/ae/types/2009">
    <versionUuid>fd08d125-e035-4e33-ae9e-7d5beb8a6be8</versionUuid>
    <group>
        <name>RP Administrators</name>
        <securityMap>SECURITYMAP_TEAM</securityMap>
        <uuid>fd08d125-e035-4e33-ae9e-7d5beb8a6be8</uuid>
        <groupTypeUuid>SYSTEM_GROUP_TYPE_CUSTOM</groupTypeUuid>
        <description>Assigns Administrator permissions to users for objects in the application</description>
        <delegatedCreation>false</delegatedCreation>
        <memberPolicy>MEMBERPOLICY_CLOSED</memberPolicy>
        <viewingPolicy>VIEWINGPOLICY_LOW</viewingPolicy>
        <attributes/>
    </group>
    <members>
        <users/>
        <groups/>
    </members>
    <admins>
        <users/>
        <groups>
            <groupUuid>fd08d125-e035-4e33-ae9e-7d5beb8a6be8</groupUuid>
        </groups>
    </admins>
    <ruleSet/>
    <history>
        <historyInfo versionUuid="fd08d125-e035-4e33-ae9e-7d5beb8a6be8"/>
    </history>
</groupHaul>
